Model,Train_Accuracy,Test_Accuracy,Time
DecisionTreeClassifier,0.6195219435736676,0.5457317073170732,0.01441285200640902
RandomForestClassifier,0.7115096003134795,0.6189024390243902,0.02586166466344112
